type,id 
domain,ipaldiogp.cc 
domain,ipaldsigd.cc 
domain,ipaldogde.cc 
domain,glohashcsx.com 
domain,tepwlzwc.cc 
domain,makeagencyhex.cc 
domain,bitkuares.cc 
domain,bitkunpl.cc 
domain,bitkauer.cc 
domain,bitkuuber.cc 
domain,synerisek1sa.cc 
domain,makeagency-vip.com 
domain,makeagency.cc 
domain,makeagencyopt.cc 
domain,makeagencyplz.cc 
domain,makeagencyalw.cc 
domain,j12h3h.cc 
domain,lkh23x.cc 
domain,evvivabrandshex.com 
domain,evvivabrandsopt.com 
domain,xdycoinsite.com 
domain,kiudgkrux.com 
domain,eocpumfvb.com 
domain,www.hauselove.top 
domain,marriotbonvoyplz.cc 
domain,trumatrixap2x.cc 
domain,marriotbonvoyalw.cc 
domain,marriotbonvoyopt.cc 
domain,marriotbonvoyhex.cc 
domain,renaissanceha.cc 
domain,renaissancekw.cc 
domain,glohashlip.com 
domain,trumatrixaoiw.cc 
domain,trumatrixahex.cc 
domain,trumatrixaoqw.cc 
domain,fidtwrrgd.cc 
domain,withinnwz.cc 
domain,kayakunicaonsltd.cc 
domain,trunmatri.cc 
domain,evvivahex.cc 
domain,evvivaalw.cc 
domain,evvivaplz.cc 
domain,evvivaopt.cc 
domain,jnkfhj1.cc 
domain,paoliawdxtzwq.com 
domain,paoliandltxlw.com 
domain,paoliandjg1.cc 
domain,paolianhasd.cc 
domain,j2xwx.cc 
domain,mediaxopt.com 
domain,optivonixpqw.cc 
domain,optivonixjex.cc 
domain,optivonixopw.cc 
domain,optivonixkwi.cc 
domain,jordndaqwr.cc 
domain,jordndowwx.cc 
domain,jordndj2x.cc 
domain,j2hxoq.cc 
domain,hgehxw.cc 
domain,l2nxw.cc 
domain,g21gx.cc 
domain,gruvvipgs.com 
domain,gruaviogs.com 
domain,trinityhkr.com 
domain,allisonworldxap.com 
domain,tbscgplz.cc 
domain,tbscgalw.cc 
domain,tbscgopt.cc 
domain,tbscghex.cc 
domain,trinitywet.com 
domain,trinitydhr.com 
domain,trinityhex.com 
domain,tacpointhex.cc 
domain,tacpointalw.cc 
domain,tacpointopt.cc 
domain,nexxenun.cc 
domain,nexxenae.cc 
domain,bestwestarkujr.com 
domain,gummicubehue.com 
domain,work-launcht.com 
domain,bnktprohex.com 
domain,bnktproto.com 
domain,heihotelsy.com 
domain,bestwestannkle.com 
domain,work-launchta.com 
domain,work-locariaam.com 
domain,work-launch.com 
domain,theasoprojecttsn.com 
domain,gatecotur.com 
domain,kondigitalwork.cc 
domain,gummicubedfe.com 
domain,kondigitalae.cc 
domain,klktechnology.cc 
domain,glorietadmin2.com 
domain,allisonworldeshop.com 
domain,strawberryhotelstw.com 
domain,sundewsolutionsw.com 
domain,allisonworldetshop.com 
domain,redasotaps.com 
domain,gummicubebnr.com 
domain,sundewsolutionsn.com 
domain,heihotelst.com 
domain,strawberryhotelsq.com 
domain,heihotelsty.com 
domain,strawberryhotelsw.com 
domain,redasopas.com 
domain,allisonworldtshop.com 
domain,sundewsolutionstn.com 
domain,gummicubeghr.com 
domain,theasoprojectsn.com 
domain,work-locariaan.com 
domain,webmarketingam.com 
domain,strawberryhotelstq.com 
domain,kjgb1xgw.cc 
domain,mediaxplz.cc 
domain,klktechnologyo.cc 
domain,fatjoen12.cc 
domain,klktechnologyt.cc 
domain,mediaxhex.com 
domain,parilondtxwe.cc 
domain,haklw.cc 
domain,xdycoins.cc 
domain,fivelyopt.cc 
domain,fivelyhex.cc 
domain,combinadls.cc 
domain,myipaldigwork.cc 
domain,jordndmot.cc 
domain,lezzathexa.cc 
domain,fivelyalw.cc 
domain,grwdagencyalw.cc 
domain,grwdagencykas.cc 
domain,directivexhe.cc 
domain,fivelyplz.cc 
domain,combinnadrls.cc 
domain,kayakhex.cc 
domain,ipaldigwork.cc 
domain,jordrmdpl.cc 
domain,jordannds.cc 
domain,ipaldigdata.cc 
domain,xdycoin3zs.cc 
domain,xdycoinekp.cc 
domain,sfvpi.icu 
domain,xdycoino2z.cc 
domain,viplviswxlondzx.cc 
domain,xdycoinlwx.cc 
domain,xdycoinxj2.cc 
domain,xdycoinqxw.cc 
domain,xdycoinlaq.cc 
domain,xdycoinopt.cc 
domain,metrictheoryae.cc 
domain,metrictheoryoe.cc 
domain,metrictheoryun.cc 
domain,metrictheorypu.cc 
domain,nexxenpu.cc 
domain,nexxenoe.cc 
domain,federetodhaemesx.com 
domain,xdycoinwox.cc 
domain,xdycoinaqp.cc 
domain,xdycoinhex.cc 
domain,occhaptrowc.cc 
domain,occhaptrjxw.cc 
domain,occhaptrkqa.cc 
domain,occhaptrpks.cc 
domain,parilondwoix.cc 
domain,parliandigltalx.com 
domain,jn34hx.cc 
domain,hugeincpu.cc 
domain,hugeincun.cc 
domain,hugeincoe.cc 
domain,hugeincae.cc 
domain,pricelineza.cc 
domain,mydiqilalos.cc 
domain,mydigipades.cc 
domain,mydiqilqleu.cc 
domain,amemanpocentury.cc 
domain,cmiautg.com 
domain,luxorapua.cc 
domain,tenants.patch-aws-s53f-v202509-203-3.auth0app.com 
domain,edge.tenants.patch-aws-s53f-v202509-203-3.auth0app.com 
domain,wt.patch-aws-s53f-v202509-203-3.auth0app.com 
domain,galaxydo2x.cc 
domain,galaxydxa.cc 
domain,galaxydigitalshaw.cc 
domain,k2xi2.cc 
domain,selleojnw.cc 
domain,selleoopx.cc 
domain,jordandmkwx.cc 
domain,hknewworld.cc 
domain,viplnsxwtlandxx.cc 
domain,jordandmhex.cc 
domain,fatjoexk2.cc 
domain,parliandigitxlwz.com 
domain,parliandigikwxps.cc 
domain,cmgautg.com 
domain,fatjoewox.cc 
domain,synmekjaxwx.cc 
domain,synmeklaole.cc 
domain,gaioydigital.cc 
domain,galaxoydigop.net 
domain,gaxlydigital.cc 
domain,digitalmyuea.cc 
domain,parilondigitaljasd.com 
domain,parilondigitalaopw.cc 
domain,slalomcoe.cc 
domain,hasdhx.cc 
domain,amzonesteponline.cc 
domain,parilondigital1kxw.cc 
domain,galaxyera.net 
domain,asfoieashwp.cc 
domain,aguacalientespas.com 
domain,glohashwp.com 
domain,creatordbmve.cc 
domain,creatordbcoin.cc 
domain,betoox.cc 
domain,glhaskcoink.com 
domain,mydigipaljqix.cc 
domain,mydigipalhjsx.cc 
domain,devagroupskx.com 
domain,synrreproc.cc 
domain,ameirax2vvc.cc 
domain,tamrcov.cc 
domain,tamrcue.cc 
domain,tamrpos.cc 
domain,tamrwork.cc 
domain,glohashose.com 
domain,saunpscaxlo.cc 
domain,gmoaozorahot.com 
domain,lezzatbpl.com 
domain,bitcoinopals.com 
domain,viplaxwxlwndzx.cc 
domain,sundsaapew.com 
domain,sundnwapex.cc 
domain,saunpscpqxw.cc 
domain,saunpscasxw.com 
domain,saunpsczkqx.com 
domain,newworldplz.cc 
domain,newworldhk.cc 
domain,newworldalw.cc 
domain,lezzatecms.com 
domain,lezzateg.com 
domain,gmo-aozorae.com 
domain,gmo-aozorac.com 
domain,gmo-aozorau.com 
domain,gmo-aozorao.com 
domain,amzonestepwork.cc 
domain,itcservicedesk.mowasalat.com 
domain,amzonesteppte.cc 
domain,amzonestepcoe.cc 
domain,slalomwork.cc 
domain,slalompte.cc 
domain,slalomonline.cc 
domain,fortunecoe.cc 
domain,fortunework.cc 
domain,fortuneonline.cc 
domain,fortuneopte.cc 
domain,hdexa9ae.cc 
domain,galrxydogtal.cc 
domain,devagroupjkw.com 
domain,shakestasdj.cc 
domain,fatjoepwox.cc 
domain,stxnexthe.com 
domain,devagroupiejx.cc 
domain,devagrouplaoq.cc 
domain,creatordbuhe.cc 
domain,creatordbwor.cc 
domain,glarzydagtel.cc 
domain,insipit4wxe.cc 
domain,appmaisternu.cc 
domain,appmaisterpe.cc 
domain,combinedkakx.cc 
domain,combinedxazw.cc 
domain,kayakcommunwcationsltd.cc 
domain,porlianqigltaihwq.cc 
domain,porlianqigltaiqkl.cc 
domain,galaxydigmtal.cc 
domain,ak2hw2wr.cc 
domain,bash2xxa.cc 
domain,agencjawhitesu.cc 
domain,agencjawhiteso.cc 
domain,agencjawhitesr.cc
